iter	RMSE
0	6212.83588
1	4730.681358
